{"count":4,"results":[{"id":1,"name":"Unlock the S3 Vault","description":"In the depths of the AWS cloud, a hidden vault holds a valuable flag that holds the key to unraveling a mysterious secret. Rumors spread among the AWS command line enthusiasts about this enigmatic S3 bucket, concealed within the labyrinth of countless other buckets. As an expert in wielding the AWS CLI, you have been summoned to undertake the daunting task of uncovering the truth within \"The S3 Vault.\"\r\n\r\nLegend has it that the S3 bucket containing the flag bears a unique name, encrypted with a series of cryptic symbols and obscured amidst a sea of other buckets. Armed with nothing but your trusty AWS CLI, you must navigate through the murky depths of the AWS ecosystem, employing your command line skills to uncover the hidden gem.\r\n\r\nYour mission, should you choose to accept it, is to use the AWS CLI to search for the S3 bucket whose name holds the sacred flag. This flag, once discovered, will grant you access to a realm of untold knowledge and victory.\r\n\r\nNavigate through the intricacies of the AWS CLI, decode the encrypted symbols, and locate the S3 bucket that bears the flag. Only then will you unlock the secrets hidden within \"The S3 Vault\" and emerge victorious as the ultimate command line hero.\r\n\r\nGood luck, brave adventurer. The fate of the AWS cloud and the treasures within the vault rest in your hands.\r\n\r\n**Enter  only the value following flag- as the answer\r\n","max_attempts":0,"value":100,"category":"S3","type":"standard","state":"visible","requirements":null,"connection_info":null,"next_id":null},{"id":2,"name":"Lost Identity","description":"In the vast expanse of the AWS realm, an intrepid adventurer awakens to a world of unknowns, plagued by the loss of their own identity. With no recollection of who they are or how they came to be, they stand at the precipice of a great journey to unravel the mysteries of their existence. Guided only by their innate curiosity and the power of the AWS CLI, they must forge their path to rediscover their true self.\r\n\r\nAs the chosen companion, it is your role to assist this courageous soul on their quest for self-discovery. Equipped with your extensive knowledge of the AWS CLI, you will serve as their guiding light, leading them toward the revelation they seek.\r\n\r\nTogether, you embark on a perilous expedition through the vast array of AWS services and commands, in search of the key that will unlock their lost identity. Throughout this journey, the adventurer must explore the depths of the AWS CLI, unraveling its hidden potential and uncovering the command that holds the answers they seek.\r\n\r\n**The flag is the name of the user or assumed role","max_attempts":0,"value":100,"category":"IAM","type":"standard","state":"visible","requirements":null,"connection_info":null,"next_id":null},{"id":3,"name":"Infiltrating the EC2 Droid","description":"Deep within the encrypted recesses of the AWS cloud, a covert EC2 Web Server droid lies concealed, harboring a secret of utmost importance - the location of the lost rebel base. Veiled in layers of digital secrecy, this droid holds the key to the Resistance's resurgence. As an intrepid seeker of truth, you have been entrusted with the perilous task of locating this enigmatic droid and extracting its vital information, all while navigating the intricate web of the HTTP protocol.\r\n\r\nGuided by fragments of classified intelligence, you embark on a harrowing journey, traversing the virtual realms of the AWS ecosystem. The echoes of whispered rumors fuel your determination as you penetrate virtual fortresses and bypass digital defenses. Armed with your expertise in the arcane arts of HTTP, you seek to unravel the droid's secrets and unveil the coordinates that will lead the rebellion to victory.\r\n\r\nEvery line of code and every network request brings you closer to your objective. The droid, like a digital sentinel, guards the whereabouts of the lost rebel base with a complex tapestry of encrypted data. But you persist, deciphering intricate algorithms, battling through virtual firewalls, and infiltrating hidden directories. As the veil of mystery slowly lifts, the droid's hidden payload promises to reveal the sanctuary that will breathe new life into the Resistance.\r\n\r\nWithin the shadowy depths of the AWS cloud, the concealed EC2 Web Server droid holds the key to the rebellion's survival. Can you decipher the encrypted enigmas it guards? Will you manipulate the HTTP protocol to extract the sacred coordinates? The fate of the Resistance hinges on your unwavering determination and mastery of the digital realm. Embark on this treacherous odyssey, for the future of the galaxy rests upon your success in uncovering the hidden secrets of the droid's data.\r\n\r\n**The flag is the name of the Availability Zone of the EC server","max_attempts":0,"value":200,"category":"EC2","type":"standard","state":"visible","requirements":null,"connection_info":null,"next_id":null},{"id":4,"name":"Trapped in the Prefix Maze","description":"Within the vast expanse of the AWS cloud, a labyrinthine maze of S3 prefixes lies shrouded in mystery, concealing a priceless treasure of unimaginable value. As an intrepid explorer of the digital realm, you have been summoned to embark on a perilous journey, navigating the intricate web of prefixes to locate the hidden cache and safely extract it onto your computer. Prepare to test your wits and unravel the enigmatic secrets that guard this elusive prize.\r\n\r\nThe S3 maze stretches before you, an intricate network of directories and subdirectories, each prefix leading you further into the depths of the unknown. Symbolic pathways and cryptic labels adorn the virtual walls, beckoning you deeper into the heart of the puzzle. Every step brings you closer to the coveted treasure, but only if you can decipher the clues and choose the correct path amidst the tangled branches of prefixes.\r\n\r\nBeware, for the maze is not without its challenges. Virtual traps lie in wait, ready to ensnare the unwary traveler. Access controls and permissions guard the treasure, requiring your mastery of AWS S3 commands and the art of effective navigation. With each correct move, the whispers of the treasure grow louder, driving you ever forward in your quest to claim what is rightfully yours.\r\n\r\nWill you possess the cunning and skill to traverse the intricate S3 maze, unlocking the secrets that guard the hidden treasure within? Prepare yourself for a journey that will test your intellect, agility, and resilience as you navigate the twists and turns of the prefixes. The clock is ticking, and the treasure awaits its rightful owner. Step into the maze and seize your destiny.\r\n\r\n**The flag is in the file somewhere in the prefixes of the bucket.  You must download the file to find the flag.","max_attempts":0,"value":200,"category":"S3","type":"standard","state":"visible","requirements":null,"connection_info":null,"next_id":null}],"meta":{}}